{
  "home":{
      "safe_place":[
        -4.25,
        0.65,
        0.0,
        0.0,
      0.0,
      0.67,
      0.7
    ]
  }, 
  "printers":{
    "safe_place": [
      4.446362495422363,
      2.578372001647949,
      0.0,
      0.0,
      0.0,
      0.0,
      0.9999990829843625
    ]
  },
  "tables":{
    "safe_place": [
      0.7784881591796875,
      0.9796393513679504,
      0.0,
      0.0,
      0.0,
      -0.574,
      0.8187
    ]
  },
  "bedroom": {
      "safe_place": [
          4.724762916564941,
          -1.3119878768920898,
          -0.4999988079071045,
          2.4570887546815356e-08,
          1.2082142575309263e-07,
          -0.592756450176239,
          0.8053817749023438
      ],
      "bed left": [
          6.148001670837402,
          -1.807244062423706,
          -0.4999992847442627,
          -8.34873077337761e-08,
          1.4604348286262336e-10,
          -0.7032944560050964,
          0.7108986377716064
      ],
      "bed right": [
          6.17563009262085,
          -3.4741523265838623,
          -0.4999992847442627,
          2.1803353433824668e-07,
          -7.572624838303454e-08,
          0.7065820693969727,
          0.7076311111450195
      ],
      "small table": [
          6.710930347442627,
          -1.8901857137680054,
          -0.4999995231628418,
          1.1921048592711259e-09,
          -3.9593806011595234e-10,
          0.006523706950247288,
          0.9999786615371704
      ]
  },
  "dining_room": {
      "safe_place": [
        4.116669654846191,
        1.964213252067566,
        -0.500001072883606,
        1.1918212550199314e-07,
        2.670499377188662e-10,
        0.9999915361404419,
        0.00410680565983057
      ],
      "table right side": [
          4.116669654846191,
          1.964213252067566,
          -0.500001072883606,
          1.1918212550199314e-07,
          2.670499377188662e-10,
          0.9999915361404419,
          0.00410680565983057
      ],
      "table back side": [
          3.136944532394409,
          2.71714186668396,
          -0.5000009536743164,
          -5.4659871295825724e-08,
          5.507388323167106e-09,
          -0.7078080773353577,
          0.7064047455787659
      ],
      "table FL Corner": [
          2.5741536617279053,
          1.3619792461395264,
          -0.5000007152557373,
          8.430204445630807e-08,
          3.9752734437570325e-10,
          0.7027966380119324,
          0.7113908529281616
      ],
      "chair right": [
          4.314535617828369,
          2.6355602741241455,
          -0.5000008344650269,
          2.4678490362362027e-08,
          -1.703778806927403e-08,
          0.002025395631790161,
          0.9999979734420776
      ],
      "chair left": [
          1.9335229396820068,
          1.2104090452194214,
          -0.5000001192092896,
          9.058734207201269e-08,
          -1.7014885500543642e-08,
          0.9999995827674866,
          0.0011161640286445618
      ]
  },
  "living_room": {
      "safe_place": [
          2.4674384593963623,
          -0.32942885160446167,
          -0.4999980926513672,
          -8.676224183545855e-08,
          -5.366620481339623e-10,
          -0.7302713990211487,
          0.683157205581665
      ],
      "init test": [
          2.6299734115600586,
          -0.10960462689399719,
          -0.5,
          -8.254708028232471e-09,
          -2.1868577781969378e-10,
          -0.07377319037914276,
          0.9972749948501587
      ],
      "small table": [
          2.6982808113098145,
          -3.0044689178466797,
          -0.49999892711639404,
          -6.022151111118035e-10,
          -6.506943317496905e-10,
          -0.0034899963065981865,
          0.9999940991401672
      ],
      "couch": [
          2.6984658241271973,
          -2.067911386489868,
          -0.4999983310699463,
          -7.64864727109682e-10,
          -6.527827167701616e-10,
          -0.004852265119552612,
          0.999988317489624
      ],
      "small couch tv": [
          1.5178006887435913,
          -2.2989501953125,
          -0.4999980926513672,
          -1.1856729997816728e-07,
          7.263503132293181e-10,
          -0.9994903206825256,
          -0.031923264265060425
      ],
      "small couch door": [
          1.6955866813659668,
          -1.3467411994934082,
          -0.4999978542327881,
          -1.1856729997816728e-07,
          7.263503132293181e-10,
          -0.9994903206825256,
          -0.031923264265060425
      ],
      "small table tv": [
          1.9203394651412964,
          -3.0704987049102783,
          -0.4999985694885254,
          -8.717956490045253e-08,
          -7.287372927322622e-10,
          -0.7315131425857544,
          0.68182772397995
      ],
      "receptionist": [
          1.373014211654663,
          1.1684893369674683,
          -0.5000007152557373,
          -1.1124803478423928e-07,
          4.741806947095029e-10,
          -0.9319508671760559,
          0.36258524656295776
      ],
      "turning couch": [
          2.509934186935425,
          0.2755257487297058,
          -0.4999988079071045,
          -4.951883170178917e-08,
          9.025715730359707e-10,
          -0.4073343276977539,
          0.9132794141769409
      ],
      "turning entry couches": [
          2.509934186935425,
          0.2755257487297058,
          -0.4999988079071045,
          -1.0058943189505953e-07,
          2.5082991239600005e-10,
          -0.8354406952857971,
          0.5495811700820923
      ]
  },
  "kitchen": {
      "safe_place": [
          5.962083339691162,
          0.5780686140060425,
          -0.4999995231628418,
          4.048016588598102e-09,
          -2.6065549718623515e-10,
          0.033493876457214355,
          0.9994389414787292
      ],
      "table": [
          6.978728771209717,
          0.034792520105838776,
          -0.4999997615814209,
          1.9561632313980226e-09,
          -2.08569161941341e-10,
          0.012094944715499878,
          0.9999268054962158
      ],
      "dishwasher": [
          7.049905300140381,
          0.7154673933982849,
          -0.4999997615814209,
          1.1921048592711259e-09,
          -3.9593806011595234e-10,
          0.006523706950247288,
          0.9999786615371704
      ],
      "refrigerator": [
          6.02102518081665,
          2.511078357696533,
          -0.49999988079071045,
          9.058734207201269e-08,
          -1.7014885500543642e-08,
          0.9999995827674866,
          0.0011161640286445618
      ],
      "cupboard with drawers": [
          5.961573600769043,
          -0.0746079534292221,
          -0.4999992847442627,
          -8.32082633905884e-08,
          2.1537793770676217e-10,
          -0.7024409174919128,
          0.7117420434951782
      ],
      "exit": [
          8.723433494567871,
          2.021120071411133,
          -0.5000004768371582,
          4.5378664714768036e-10,
          1.5775847295174117e-10,
          -0.012980472296476364,
          0.9999157190322876
      ]
  }
}