{"position": {"y": 0.0026792176148813605, "x": 0.11343353958150201, "z": 0.138}, "orientation": {"y": 0.0, "x": 0.0, "z": 0.0025479412328118217, "w": 0.9999967539924688}}
