{"pose": {"position": {"y": -0.29999977499246633, "x": 1.8500002093613155, "z": 0}, "orientation": {"y": 0, "x": 0, "z": 0.7730104533627369, "w": 0.6343932841636455}}, "id": "2018-09-12_20:37:07", "name": "a"}
