{
    "name": "map2", 
    "rooms": {
        "room2": {
            "area": [
                [
                    41.53706741333008, 
                    22.26214027404785, 
                    0.0
                ], 
                [
                    41.517234802246094, 
                    16.304107666015625, 
                    0.0
                ], 
                [
                    44.52857208251953, 
                    16.354228973388672, 
                    0.0
                ], 
                [
                    50.838966369628906, 
                    16.8127384185791, 
                    0.0
                ], 
                [
                    50.02805709838867, 
                    19.317874908447266, 
                    0.0
                ], 
                [
                    49.57212448120117, 
                    21.2611141204834, 
                    0.0
                ]
            ], 
            "entrance": [
                [
                    42.599884033203125, 
                    22.610620498657227, 
                    0.0
                ]
            ], 
            "name": "room2", 
            "obj_int": {
                "table2": [
                    [
                        47.217201232910156, 
                        22.42911720275879, 
                        0.0
                    ]
                ]
            }, 
            "path": [
                [
                    42.296119689941406, 
                    21.542736053466797, 
                    0.0
                ], 
                [
                    42.10749816894531, 
                    17.0567569732666, 
                    0.0
                ], 
                [
                    50.103004455566406, 
                    17.371570587158203, 
                    0.0
                ], 
                [
                    49.55512237548828, 
                    20.34471893310547, 
                    0.0
                ], 
                [
                    44.66688919067383, 
                    22.317827224731445, 
                    0.0
                ]
            ]
        }
    }
}