{
    "bedroom": {
        "safe place": [
            0.47334524989128113,
            1.2213449478149414,
            0.0,
            0.0,
            0.0,
            -0.0002554048551246524,
            0.9999999403953552
        ],
        "bed": [
            -0.6511054039001465,
            2.7703280448913574,
            0.0,
            0.0,
            0.0,
            0.7333073019981384,
            0.6798973083496094
        ],
        "couch": [
            1.9922232627868652,
            1.3585799932479858,
            0.0,
            0.0,
            0.0,
            0.6832915544509888,
            0.7301456332206726
        ],
        "small table": [
            2.748379945755005,
            1.1852607727050781,
            0.0,
            0.0,
            0.0,
            -0.7348864078521729,
            0.6781901717185974
        ]
    },
    "dining room": {
        "safe place": [],
        "small dinner c1": [],
        "small dinner c2": [],
        "trash bin": []
    },
    "living room": {
        "safe place": [],
        "trash bin": [],
        "small table": [],
        "cupboard": [],
        "bookcase": [],
        "coat rack": []
    },
    "Kitchen": {
        "safe place": [],
        "dishwasher": [],
        "microwave": [],
        "sink": [],
        "refrigerator": []
    }
}