{
    "bedroom": {
        "safe place": [],
        "bed left": [],
        "bed right": [],
        "small table": []
    },
    "dining room": {
        "safe place": [],
        "table right side": [],
        "table back side": [],
        "table FL Corner": [],
        "chair right": [],
        "chair left": []
    },
    "living room": {
        "safe place": [],
        "small table": [],
        "couch": [],
        "small couch tv": [],
        "small couch door": [],
        "small table tv": [],
        "receptionist": [
            1.373014211654663,
            1.1684893369674683,
            -0.5000007152557373,
            -1.1124803478423928e-07,
            4.741806947095029e-10,
            -0.9319508671760559,
            0.36258524656295776
        ],
        "turning couch": [
            2.509934186935425,
            0.2755257487297058,
            -0.4999988079071045,
            -4.951883170178917e-08,
            9.025715730359707e-10,
            -0.4073343276977539,
            0.9132794141769409
        ],
        "turning entry couches": [
            2.509934186935425,
            0.2755257487297058,
            -0.4999988079071045,
            -1.0058943189505953e-07,
            2.5082991239600005e-10,
            -0.8354406952857971,
            0.5495811700820923
        ]
    },
    "kitchen": {
        "safe place": [],
        "table": [],
        "dishwasher": [],
        "refrigerator": [],
        "cupboard with drawers": []
    }
}