{
    "bedroom": {
        "safe place": [],
        "bed left": [],
        "bed right": [],
        "small table": []
    },
    "dining room": {
        "safe place": [],
        "table right side": [],
        "table back side": [],
        "table FL Corner": [],
        "chair right": [],
        "chair left": []
    },
    "living room": {
        "safe place": [],
        "init test": [
            2.6299734115600586,
            -0.10960462689399719,
            -0.5,
            -8.254708028232471e-09,
            -2.1868577781969378e-10,
            -0.07377319037914276,
            0.9972749948501587
        ],
        "small table": [],
        "couch": [],
        "small couch tv": [],
        "small couch door": [],
        "small table tv": [],
        "receptionist": [
            1.373014211654663,
            1.1684893369674683,
            -0.5000007152557373,
            -1.1124803478423928e-07,
            4.741806947095029e-10,
            -0.9319508671760559,
            0.36258524656295776
        ],
        "turning couch": [
            2.509934186935425,
            0.2755257487297058,
            -0.4999988079071045,
            -4.951883170178917e-08,
            9.025715730359707e-10,
            -0.4073343276977539,
            0.9132794141769409
        ],
        "turning entry couches": [
            2.509934186935425,
            0.2755257487297058,
            -0.4999988079071045,
            -1.0058943189505953e-07,
            2.5082991239600005e-10,
            -0.8354406952857971,
            0.5495811700820923
        ]
    },
    "kitchen": {
        "safe place": [],
        "table": [],
        "dishwasher": [],
        "refrigerator": [],
        "cupboard with drawers": [],
        "exit": [
            8.723433494567871,
            2.021120071411133,
            -0.5000004768371582,
            4.5378664714768036e-10,
            1.5775847295174117e-10,
            -0.012980472296476364,
            0.9999157190322876
        ]
    }
}