{
    "living_room_safe": [
        -2.2794783115386963,
        -0.4238906800746918,
        1.1444091796875e-05,
        1.0474327183374044e-07,
        9.770495523753198e-10,
        0.8871882557868958,
        0.46140769124031067
    ],
    "living_room_table":[
        -3.1016690731048584,
        -0.0020284652709960938,
        3.814697265625e-06,
        1.187227667287516e-07,
        1.4516885471493879e-09,
        0.9999829530715942,
        0.005850017070770264
    ],
    "living_room_side_table": [
        -2.873589277267456,
        0.6105489134788513,
        1.9073486328125e-06,
        8.618072655508513e-08,
        7.135808610669869e-10,
        0.7259787917137146,
        0.6877171397209167
    ],
    "kitchen_safe": [
        0.0,
        0.0,
        0.0,
        0.0,
        0.0,
        0.0,
        1.0
    ],
    "kitchen_table":  [
        0.5104063749313354,
        -0.005433797836303711,
        0.0,
        0.0,
        0.0,
        0.0,
        1.0
    ],
    "kitchen_side_table": [
        0.5560153126716614,
        0.5620390176773071,
        9.5367431640625e-07,
        8.618072655508513e-08,
        7.135808610669869e-10,
        0.7259787917137146,
        0.6877171397209167
    ],
    "hallway_safe_out": [
        -1.2152661085128784,
        1.436189889907837,
        1.239776611328125e-05,
        -7.97193990820233e-08,
        -1.3843006740899e-09,
        -0.6983892321586609,
        -0.7157183289527893
    ],
    "hallway_safe_in": [
        -1.1689096689224243,
        -1.1622624397277832,
        1.239776611328125e-05,
        -7.97193990820233e-08,
        -1.3843006740899e-09,
        -0.6983892321586609,
        -0.7157183289527893
    ],
    "outside_safe": [
        -5.034844875335693,
        6.461533546447754,
        1.430511474609375e-05,
        -1.0524716742565943e-07,
        -2.4382433849723384e-09,
        -0.9066448211669922,
        -0.42189499735832214
    ]
}