{
    "living room_safe": [
        -2.4261603355407715,
        -0.26423728466033936,
        0.0,
        1.098628601425844e-07,
        -3.773656942485104e-10,
        0.9209904670715332,
        0.38958531618118286
    ],
    "living room_table": [
        -3.209017515182495,
        -0.06453204154968262,
        0.0,
        1.1887171780244898e-07,
        -4.871445469234459e-10,
        0.9999973773956299,
        -0.0023100078105926514
    ],
    "living room_side table": [
        -2.956850051879883,
        0.6477355360984802,
        0.0,
        8.443134902336169e-08,
        -6.501998939256737e-10,
        0.7065345644950867,
        0.7076786160469055
    ],
    "kitchen_safe": [
        0.0,
        0.0,
        -0.5,
        0.0,
        0.0,
        0.0,
        1.0
    ],
    "kitchen_table": [
        0.6357568502426147,
        0.007490098476409912,
        0.0,
        0.0,
        0.0,
        0.0,
        1.0
    ],
    "kitchen_side table": [
        0.4239601492881775,
        0.5089338421821594,
        0.0,
        8.401786288914082e-08,
        -6.546230779669315e-10,
        0.7034258246421814,
        0.7107686996459961
    ],
    "hallway_safe_out": [
        -1.2398031949996948,
        1.161033272743225,
        0.0,
        8.407628371287501e-08,
        -3.3010394417942734e-10,
        0.7040644884109497,
        0.7101361751556396
    ],
    "hallway_safe_in": [
        -1.2649636268615723,
        -1.012949824333191,
        0.0,
        -9.655042276790482e-08,
        -2.8957899189663294e-08,
        -0.7033655047416687,
        0.7108284831047058
    ],
    "outside_safe": [
        -5.374572277069092,
        6.618406772613525,
        0.0,
        -8.276212781765935e-08,
        -2.0804655775918945e-08,
        -0.8943297863006592,
        -0.4474085867404938
    ]
}